"name","routes","st_astext"
"Cortlandt St","R,W","POINT(583521.854408956 4507077.862599085)"
"Rector St","1","POINT(583324.4866324601 4506805.373160211)"
"South Ferry","1","POINT(583304.1823994748 4506069.654048115)"
"138th St","4,5","POINT(590250.10594797 4518558.019924332)"
"149th St","4","POINT(590454.7399891173 4519145.719617855)"
"149th St","2,5","POINT(590465.8934191109 4519168.697483203)"
"161st St","B,D,4","POINT(590573.169495527 4520214.766177284)"
"167th St","B,D","POINT(591252.8314104103 4520950.353355553)"
"167th St","4","POINT(590946.3972262995 4521077.318976877)"
"170th St","B,D","POINT(591583.6111452815 4521434.846626811)"
"170th St","4","POINT(591242.9299575874 4521581.885937745)"
"174th St","2,5","POINT(593778.1006792779 4521296.802312818)"
"174th St","B,D","POINT(591869.9664924653 4522223.764813294)"
"176th St","4","POINT(591738.0407594513 4522525.443820641)"
"182nd St","B,D","POINT(592689.5870495995 4523444.425331826)"
"183rd St","4","POINT(592376.3344173424 4523612.701231836)"
"205th St","D","POINT(594420.6312621906 4525482.970855254)"
"219th St","2,5","POINT(595809.2912828986 4526455.750452453)"
"225th St","2,5","POINT(596003.2539138041 4526928.025236639)"
"231st St","1","POINT(592278.485621264 4525892.323865376)"
"233rd St","2,5","POINT(596254.2923462286 4527551.201403454)"
"238th St","1","POINT(592619.0071074129 4526581.286551019)"
"241st St","2","POINT(596827.1759617663 4528672.82245895)"
"242nd St","1","POINT(592792.7848516103 4527066.113576944)"
"W 4th St","B,D,F,V","POINT(584366.140243196 4509451.911886328)"
"3rd Ave","6","POINT(590482.6870882246 4518329.6766932225)"
"3rd Ave","2,5","POINT(591281.3450558048 4518902.025482102)"
"Allerton Ave","2,5","POINT(595454.5310878425 4524436.500620306)"
"Baychester Ave","5","POINT(597856.1560548496 4525936.781547634)"
"Bedford Park Blvd","B,D","POINT(593712.9968862006 4525155.296439261)"
"Bedford Park Blvd","4","POINT(593550.086762622 4525318.362722695)"
"Bronx Park East","2,5","POINT(595390.7441612857 4522610.04524754)"
"Brook Ave","6","POINT(591158.4627344842 4517957.545755097)"
"Buhre Ave","6","POINT(598436.4578931453 4522431.797854405)"
"Burke Ave","2,5","POINT(595458.2761002508 4525102.840811363)"
"Burnside Ave","4","POINT(592095.242680619 4523101.901924474)"
"Castle Hill Ave","6","POINT(596821.2408605267 4520985.437910634)"
"Cypress Ave","6","POINT(591563.7436134552 4517738.305929306)"
"Dyre Ave","5","POINT(598514.3107202318 4527104.058108437)"
"E 143rd St","6","POINT(592119.0801340764 4518038.842602893)"
"E 149th St","6","POINT(592424.9624278166 4518478.104652112)"
"E 177th St","6","POINT(595889.6025778356 4520832.971463354)"
"E 180th St","2,5","POINT(594912.9210183212 4521757.92404901)"
"E Tremont Ave","2,5","POINT(594385.8865431264 4521608.896559988)"
"Elder Ave","6","POINT(594509.0414594966 4520332.8512714235)"
"77th St","6","POINT(587777.162414756 4514151.62975823)"
"Fordham Rd","B,D","POINT(592948.8754703288 4524069.4395869505)"
"Fordham Rd","4","POINT(592612.2300651686 4524100.402505199)"
"Freeman St","2,5","POINT(593438.3005704349 4520495.395196005)"
"Gun Hill Rd","5","POINT(597260.8719363828 4524987.275429069)"
"Gun Hill Rd","2,5","POINT(595504.8445675793 4525766.929441574)"
"Hunts Point Ave","6","POINT(593467.7308229264 4519434.83129059)"
"Intervale Ave","2,5","POINT(593022.854690783 4519593.712477412)"
"Jackson Ave","2,5","POINT(592072.9680250831 4518931.918367432)"
"Kingsbridge Rd","B,D","POINT(593180.3257970888 4524489.741480709)"
"Kingsbridge Rd","4","POINT(592916.5418978877 4524633.13838206)"
"Longwood Ave","6","POINT(593088.5065821967 4518953.407754458)"
"Middletown Rd","6","POINT(598061.7957053476 4522032.351089696)"
"Morris Park","5","POINT(596056.9809407785 4523227.2288986035)"
"Sound View Ave","6","POINT(594902.7414016082 4520442.707923583)"
"Mosholu Pky","4","POINT(593975.0576022605 4526005.886039828)"
"Mt Eden Ave","4","POINT(591486.7808085391 4522038.922308994)"
"Nereid Ave","2,5","POINT(596501.8744785709 4528117.226936923)"
"Pelham Bay Park","6","POINT(598863.0574749423 4523092.84733162)"
"Pelham Pky","5","POINT(596412.3470658619 4523642.422571661)"
"Pelham Pky","2,5","POINT(595442.0638570564 4523526.050055126)"
"Prospect Ave","2,5","POINT(592626.8523968596 4519320.29346937)"
"Simpson St","2,5","POINT(593352.0342889833 4519823.825546155)"
"St Lawrence Ave","6","POINT(595506.4168354472 4520680.471641277)"
"Tremont Ave","B,D","POINT(592222.7416457909 4522625.185795889)"
"Westchester Sq","6","POINT(597623.8154720555 4521708.652830672)"
"Whitlock Ave","6","POINT(593926.129354922 4520212.503333017)"
"Woodlawn","4","POINT(594460.2932596823 4526709.233133428)"
"Zerega Ave","6","POINT(597234.6308561254 4521277.27006147)"
"15th St","F","POINT(586270.867264145 4501602.982681934)"
"18th Ave","D,M","POINT(584452.2736848004 4495718.23912231)"
"18th Ave","N","POINT(585487.2188192987 4497065.772842208)"
"18th Ave","F","POINT(586503.7223979748 4498269.990007903)"
"20th Ave","N","POINT(585859.7681964396 4496776.830998435)"
"20th Ave","D,M","POINT(584750.7077686664 4495351.080870863)"
"25th Ave","D","POINT(585696.191139191 4494615.858160851)"
"25th St","M,R","POINT(584699.5851960566 4501549.453423347)"
"36th St","D,M,N,R","POINT(584165.3880613961 4500859.793770909)"
"45th St","R","POINT(583729.1488954267 4500294.297645937)"
"4th Ave","F","POINT(585445.373196909 4502608.37892228)"
"50th St","D,M","POINT(585000.591165514 4498810.112443783)"
"53rd St","R","POINT(583341.0729041309 4499794.168906855)"
"55th St","D,M","POINT(584954.2927836749 4498342.998185548)"
"59th St","N,R","POINT(583049.5488509138 4499415.4783144295)"
"62nd St","M,D","POINT(584830.4219726789 4497732.043617412)"
"71st St","D,M","POINT(584666.7378521629 4496941.604090578)"
"77th St","R","POINT(582402.4274548128 4498072.528603336)"
"79th St","D,M","POINT(584522.8292199653 4496236.785557185)"
"7th Ave","B,Q","POINT(586785.5510490116 4503515.407446008)"
"7th Ave","F","POINT(586081.3164752272 4502277.972774973)"
"86th St","N","POINT(586462.0855347294 4494033.258388428)"
"86th St","R","POINT(582182.163560905 4497339.015536549)"
"8th Ave","N","POINT(583668.9126396163 4498655.36212447)"
"95th St","R","POINT(581959.2606253301 4496579.370700002)"
"9th Ave","D,M","POINT(585009.334367595 4499996.888670681)"
"9th St","M,R","POINT(585473.4894523356 4502654.64653129)"
"Alabama Ave","J","POINT(592967.1277683998 4503468.895810358)"
"Atlantic Ave","B,Q","POINT(586465.6846689951 4504159.774222611)"
"Atlantic Ave","L","POINT(592717.3305150345 4503347.692922446)"
"Atlantic Ave","2,3,4,5","POINT(586409.6399919448 4504187.8371487865)"
"Ave H","Q","POINT(587803.2363562554 4498205.095782064)"
"Ave I","F","POINT(586584.6236611658 4497741.319439704)"
"Ave J","Q","POINT(587888.1735023975 4497674.87978729)"
"Ave M","Q","POINT(588014.6835590808 4496879.59246869)"
"Ave N","F","POINT(586793.0702882911 4496418.801619078)"
"Ave P","F","POINT(586885.275865306 4495839.297480523)"
"Ave U","Q","POINT(588347.0071936302 4494756.553917258)"
"Ave U","N","POINT(586397.2632879562 4494458.498256834)"
"Ave U","F","POINT(586872.8189993141 4494524.781380393)"
"Ave X","F","POINT(586804.575288685 4493762.3972068885)"
"Bay 50th St","D","POINT(586000.0845086036 4493583.547045738)"
"Bay Pky","D,M","POINT(585126.2715342436 4495058.721686458)"
"Bay Pky","N","POINT(586104.1180908895 4496320.146829474)"
"Bay Pky","F","POINT(586673.3873208847 4497183.063364249)"
"Bay Ridge Ave","R","POINT(582576.4287965811 4498655.841234582)"
"Bedford Ave","L","POINT(588131.1941471435 4507874.268134648)"
"Bedford Ave","G","POINT(588422.7021940363 4504830.1334604295)"
"Bergen St","F,G","POINT(585305.8749428939 4504472.830169925)"
"Bergen St","2,3","POINT(586613.3402700966 4503833.151600189)"
"Beverly Rd","Q","POINT(587550.6267033793 4499794.0975952605)"
"Beverly Rd","2,5","POINT(588863.6983232002 4499893.707190513)"
"Borough Hall","4,5","POINT(585253.7755904209 4505114.8917570375)"
"Borough Hall","2,3","POINT(585321.730054182 4505244.262776288)"
"Botanic Garden","S","POINT(587980.3541543356 4502742.082272526)"
"Brighton Beach","B,Q","POINT(587899.5964735015 4492390.1965406025)"
"Broadway","G","POINT(588680.5928102148 4506592.893876235)"
"Broadway Jct","J,Z","POINT(592497.6040536886 4503818.7265691385)"
"Broadway Jct","A,C","POINT(592830.4719449129 4503525.87385953)"
"Bushwick Ave","L","POINT(592522.1188311108 4504130.564396541)"
"Carroll St","F,G","POINT(584938.2479767665 4503745.195635941)"
"Central Ave","M","POINT(590808.6247172236 4505799.019375434)"
"Chauncey St","J,Z","POINT(592099.9025978548 4504101.530485294)"
"Church Ave","F","POINT(586293.6675439464 4499607.410126003)"
"Church Ave","B,Q","POINT(587644.3334594249 4500347.679169011)"
"Church Ave","2,5","POINT(588807.0740411695 4500523.262183592)"
"Clark St","2,3","POINT(585077.0068543168 4505657.91045789)"
"Classon Ave","G","POINT(587877.1455165396 4504741.722241279)"
"Cleveland St","J","POINT(594179.8933613856 4503794.730164514)"
"Clinton Ave","G","POINT(587300.0298954324 4504646.019702888)"
"Clinton Ave","C","POINT(587389.4129852875 4504109.410922476)"
"Cortelyou Rd","Q","POINT(587601.4910735295 4499466.472737966)"
"Court St","M,R","POINT(585296.8218339535 4505249.860626615)"
"Crescent St","J,Z","POINT(595285.887507881 4504260.5789212715)"
"Cypress Hills","J","POINT(595153.0801103334 4504872.701968519)"
"DeKalb Ave","L","POINT(591301.2986737695 4506496.034163316)"
"DeKalb Ave","B,M,Q,R","POINT(586060.2787523125 4504835.723661702)"
"Ditmas Ave","F","POINT(586417.967300109 4498802.762926729)"
"E 105th St","L","POINT(593080.1896420335 4500635.298103655)"
"Eastern Pky","2,3","POINT(587671.3806250722 4502825.147101264)"
"Euclid Ave","A,C","POINT(595339.5190497248 4503336.078549236)"
"Flatbush Ave","2,5","POINT(588994.999013519 4498531.935881087)"
"Flushing Ave","J,M","POINT(589385.6058027097 4506073.472596826)"
"Flushing Ave","G","POINT(588696.6061523732 4505960.083946261)"
"Fort Hamilton Pky","F","POINT(586586.4795843622 4500356.333001967)"
"Franklin Ave","C","POINT(588252.7766565636 4503885.274747595)"
"Franklin Ave","S","POINT(588255.1178923553 4503874.057285161)"
"Franklin Ave","2,3,4,5","POINT(588075.0900469788 4502717.170765628)"
"Ft Hamilton Pky","N","POINT(583997.899623973 4498410.570000029)"
"Ft Hamilton Pky","D,M","POINT(585038.7888631452 4499348.712938257)"
"Fulton St","G","POINT(586508.2067594875 4504518.980264279)"
"Gates St","J,Z","POINT(591082.5855686411 4504850.312777988)"
"Graham Ave","L","POINT(589160.3159276361 4507603.755717493)"
"Grand Army Plz","2,3","POINT(587010.6610079269 4503149.017935357)"
"Grand St","L","POINT(589477.2684915174 4507321.343533978)"
"Grant Ave","A","POINT(595874.8424857766 4503486.50608987)"
"Greenpoint Ave","G","POINT(588308.3281199073 4509333.173337675)"
"Halsey St","L","POINT(592513.1173001549 4505601.081408828)"
"Halsey St","J","POINT(591649.4237252432 4504434.178141181)"
"Hewes St","J,M","POINT(588447.1316264309 4506726.6146268835)"
"High St","A,C","POINT(585340.5718625298 4505849.684250107)"
"Hoyt St","2,3","POINT(585752.7692252327 4504901.87374392)"
"Hoyt St","A,C,G","POINT(585666.1687987031 4504730.391684676)"
"Jay St","A,C,F","POINT(585560.9860149901 4505000.571779941)"
"Jefferson St","L","POINT(590929.3569033094 4506792.117678897)"
"Junius St","3","POINT(592855.5583704391 4502000.988398157)"
"Kings Hwy","B,Q","POINT(588171.179818373 4495872.3744903)"
"Kings Hwy","N","POINT(586245.5402331323 4495430.43414932)"
"Kings Hwy","F","POINT(586956.9797740167 4495327.011026242)"
"Kingston Ave","3","POINT(589413.4198173514 4502596.017381826)"
"Kingston-Throop Aves","C","POINT(589527.0829502402 4503763.3416183395)"
"Knickerbocker Ave","M","POINT(591382.2936524655 4505884.799642599)"
"Kosciusko St","J","POINT(590525.7036876337 4505253.472414941)"
"Lafayette Ave","C","POINT(586501.2400525704 4504510.295468844)"
"Lawrence St","M,R","POINT(585652.6925720013 4505082.664298999)"
"Liberty Ave","C","POINT(593262.0887229226 4503198.595364077)"
"Livonia Ave","L","POINT(592938.3767804053 4502015.4315746315)"
"Lorimer St","L","POINT(588740.826589313 4507547.148231709)"
"Lorimer St","J,M","POINT(588881.5331831108 4506445.697217358)"
"Marcy Ave","J,M,Z","POINT(588026.347989665 4506910.589895224)"
"Metropolitan Ave","G","POINT(588569.3082856515 4507401.715032488)"
"Montrose Ave","L","POINT(589553.9931088304 4506844.663399804)"
"Morgan Ave","L","POINT(590228.891709709 4506707.354660446)"
"Myrtle Ave","L","POINT(591989.8844693959 4505976.478807934)"
"Myrtle Ave","J,M,Z","POINT(589955.547081127 4505664.824575202)"
"Myrtle Ave","G","POINT(588792.5083262535 4505388.769832852)"
"Nassau Ave","G","POINT(588609.2745080383 4508623.397284362)"
"Neck Rd","Q","POINT(588413.5986016353 4494318.954082544)"
"Neptune Ave","F","POINT(586780.3318146769 4492637.83046965)"
"Nevins St","2,3,4,5","POINT(586114.6490996698 4504702.753423779)"
"New Lots Ave","L","POINT(593045.1344896606 4501492.142919327)"
"New Lots Ave","3","POINT(594453.651826702 4502330.624592099)"
"New Utrecht Ave","N","POINT(584824.0441339001 4497706.943735298)"
"Newkirk Ave","B,Q","POINT(587701.0100036811 4498837.845870348)"
"Newkirk Ave","2,5","POINT(588920.228080148 4499324.510459531)"
"Norwood Ave","J,Z","POINT(594720.6355386821 4504023.658579564)"
"Nostrand Ave","A,C","POINT(588769.8983741465 4503808.8988245)"
"Nostrand Ave","3","POINT(588705.2038782146 4502637.6572256405)"
"Ocean Pkwy","Q","POINT(587304.9086906422 4492236.198995435)"
"Pacific St","D,M,N,R","POINT(586298.75067262 4504153.893236804)"
"Park Pl","S","POINT(588080.887248286 4503135.4682305455)"
"Parkside Ave","Q","POINT(587788.0447103807 4500978.5110083595)"
"Pennsylvania Ave","3","POINT(593478.0637488111 4502131.718112339)"
"President St","2,5","POINT(588693.3897814079 4502438.625005739)"
"Prospect Ave","M,R","POINT(585127.7484064528 4502101.2194087505)"
"Prospect Park","B,Q,S","POINT(587701.7795462941 4501885.841687945)"
"Ralph Ave","C","POINT(591130.1829105661 4503668.010730743)"
"Rockaway Ave","C","POINT(592048.8922604605 4503613.274931814)"
"Rockaway Ave","3","POINT(592233.2809087641 4501871.83204181)"
"Rockaway Pky","L","POINT(592787.4497861984 4499974.744075945)"
"Saratoga Ave","3","POINT(591669.8769093804 4501753.088328857)"
"Sheepshead Bay","B,Q","POINT(588505.7452735959 4493475.838855857)"
"Shepherd Ave","C","POINT(594589.934634546 4503184.038981728)"
"Smith St","F,G","POINT(584781.1732865795 4503083.751099048)"
"Sterling St","2,5","POINT(588680.680273923 4501889.227150777)"
"Sutter Ave","L","POINT(592827.9705861356 4502529.200672824)"
"Sutter Ave","3","POINT(591049.9017321867 4502117.42392609)"
"Union St","M,R","POINT(585944.3849066141 4503444.357658879)"
"Utica Ave","A,C","POINT(590506.5379795557 4503706.489216886)"
"Utica Ave","3,4","POINT(590337.7903920852 4502540.23682784)"
"Van Siclen Ave","C","POINT(593789.8206496633 4503019.348986997)"
"Van Siclen Ave","J,Z","POINT(593665.4199847749 4503606.8730037175)"
"Van Siclen Ave","3","POINT(593947.1146265123 4502225.892101369)"
"W 8th St","F,Q","POINT(586669.8723330392 4492207.7849668125)"
"Wilson Ave","L","POINT(592583.9350630287 4504758.864925056)"
"Winthrop St","2,5","POINT(588743.4592526458 4501220.194755563)"
"Wyckoff Ave","M","POINT(591985.1397867528 4505975.9210987585)"
"York St","F","POINT(585600.313133935 4506117.303440262)"
"103rd St","6","POINT(588783.3683566097 4516014.70932135)"
"103rd St","A,B,C","POINT(587614.7531089615 4516642.313958004)"
"103rd St","1","POINT(587007.2211526942 4516969.767568686)"
"110th St","6","POINT(589053.8822390293 4516516.041408009)"
"110th St","B,C","POINT(587882.1223990923 4517141.473143436)"
"110th St","2,3","POINT(588347.9793387916 4516900.674660513)"
"116th St","2,3","POINT(588598.6045875914 4517311.488790914)"
"116th St","6","POINT(589282.906439204 4516942.210786375)"
"116th St","B,C","POINT(588115.7627572871 4517573.482563743)"
"116th St","1","POINT(587389.7377955408 4517959.341232643)"
"125th St","2,3","POINT(588946.053492644 4517956.076855855)"
"125th St","4,5,6","POINT(589627.2123781446 4517579.629595972)"
"125th St","A,B,C,D","POINT(588342.3578932708 4518280.122285851)"
"125th St","1","POINT(587853.6554614721 4518817.164118362)"
"135th St","B,C","POINT(588719.8486438567 4518988.782904545)"
"135th St","2,3","POINT(589327.8214340704 4518664.636084616)"
"137th St","1","POINT(588197.4658919239 4519456.949459988)"
"145th St","3","POINT(589707.4109297954 4519365.932197033)"
"145th St","A,B,C,D","POINT(588987.8328635037 4519762.375897892)"
"145th St","1","POINT(588501.589219501 4520021.622326814)"
"148th St","3","POINT(589618.0210584867 4519775.085904993)"
"14th St","4,5,6","POINT(585292.3787556542 4509774.144843037)"
"6th Ave","F,L,V","POINT(584706.0078575041 4510082.876590091)"
"14th St","1,2,3","POINT(584461.581633857 4510215.362520242)"
"155th St","B,D","POINT(589459.0125571827 4520422.272332501)"
"155th St","C","POINT(589258.5828330356 4520522.450457714)"
"157th St","1","POINT(588960.5630421191 4520872.285496113)"
"163rd St","C","POINT(589359.456618276 4521195.947726056)"
"168th St","A,C","POINT(589404.4587739119 4521645.649695302)"
"168th St","1","POINT(589382.8259545737 4521655.901464005)"
"175th St","A","POINT(589350.5662628311 4522262.158551728)"
"181st St","A","POINT(589493.8558640634 4522751.5395561475)"
"181st St","1","POINT(589880.5677850548 4522579.271152773)"
"18th St","1","POINT(584608.387293834 4510492.389692398)"
"190th St","A","POINT(589712.8374790663 4523442.335027332)"
"191st St","1","POINT(590254.539535299 4523273.222522348)"
"1st Ave","L","POINT(585917.2282260855 4509433.317077449)"
"207th St","A","POINT(590915.7743868869 4524631.994676709)"
"207th St","1","POINT(591107.3072682222 4524273.189448506)"
"215th St","1","POINT(591414.4575128901 4524839.654948376)"
"225th St","1","POINT(591868.1904676465 4525412.098959765)"
"23rd St","6","POINT(585581.6754400766 4510408.398646712)"
"23rd St","C,E","POINT(584553.44378941 4510966.304225753)"
"23rd St","F,V","POINT(585040.0819936949 4510703.830782101)"
"23rd St","N,R,W","POINT(585337.9074733165 4510540.563891112)"
"23rd St","1","POINT(584793.7954682001 4510834.345722563)"
"28th St","6","POINT(585771.9337935997 4510759.751148567)"
"28th St","N,R,W","POINT(585376.9298707743 4510974.545408158)"
"28th St","1","POINT(584984.161742245 4511186.347011438)"
"2nd Ave","F,V","POINT(585205.4780075889 4508571.799152946)"
"33rd St","6","POINT(585957.2623876379 4511105.1943025)"
"34th St","A,C,E","POINT(584967.7698188315 4511737.391225167)"
"34th St","B,D,F,N,Q,R,V,W","POINT(585434.1568157991 4511429.421341235)"
"34th St","1,2,3","POINT(585211.0149838531 4511606.382286051)"
"3rd Ave","L","POINT(585522.8602098726 4509643.576365797)"
"42nd St","B,D,F,V","POINT(585753.8715067619 4512038.525717521)"
"42nd St","A,C,E","POINT(585272.6834072953 4512298.558256841)"
"47th-50th Sts","B,D,F,V","POINT(585984.0552271885 4512463.545461451)"
"49th St","N,R,W","POINT(585778.6673271119 4512661.791802025)"
"50th St","C,E","POINT(585577.2863809554 4512865.618767906)"
"50th St","1","POINT(585751.245607807 4512769.629879003)"
"51st St","6","POINT(586780.4926467581 4512304.301414792)"
"57th St","N,Q,R,W","POINT(586084.1153909281 4513227.770105675)"
"57th St","F","POINT(586325.2794157271 4513096.844102779)"
"59th St","4,5,6","POINT(587090.4937440046 4512876.707140024)"
"59th St","A,B,C,D","POINT(585922.593924491 4513506.111485398)"
"59th St","1","POINT(585933.6707045776 4513500.167917318)"
"5th Ave","E,V","POINT(586447.6611779216 4512666.46008417)"
"5th Ave","N,R,W","POINT(586714.3625269115 4513161.290681388)"
"5th Ave","7","POINT(586025.8611811907 4511885.943436085)"
"66th St","1","POINT(585889.3034530007 4514152.681335008)"
"68th St","6","POINT(587430.060968678 4513505.55859977)"
"72nd St","B,C","POINT(586414.2706697679 4514417.500389527)"
"72nd St","1,2,3","POINT(585908.5613706883 4514695.6228188295)"
"79th St","1","POINT(586065.4491203394 4515262.109323109)"
"7th Ave","B,D,E","POINT(585933.0196836857 4512946.416213249)"
"81st St","B,C","POINT(586763.7553195844 4515066.735083626)"
"86th St","4,5,6","POINT(588129.3729097674 4514803.71186059)"
"86th St","B,C","POINT(586963.7301170218 4515435.930771665)"
"86th St","1","POINT(586354.118763985 4515762.969013205)"
"8th Ave","A,C,E,L","POINT(584221.9594690695 4510351.424082129)"
"8th St","N,R,W","POINT(585083.8210040339 4509337.170447678)"
"96th St","6","POINT(588514.2523585234 4515514.249809545)"
"96th St","B,C","POINT(587346.1120920168 4516146.915180375)"
"96th St","1,2,3","POINT(586741.0244733429 4516471.064305738)"
"Astor Pl","6","POINT(585170.2395129508 4509257.444612183)"
"Bleecker St","6","POINT(584901.3978172147 4508818.983088133)"
"Bowery","J,M,Z","POINT(584960.9725212902 4508197.383021444)"
"Bowling Green","4,5","POINT(583292.7834318889 4506467.977846056)"
"Broad St","J,M,Z","POINT(583571.9059213118 4506714.341192182)"
"Broadway-Lafayette St","B,D,F,V","POINT(584817.926195262 4508733.526676661)"
"Broadway-Nassau St","A,C","POINT(583765.5389690103 4507092.682534089)"
"Brooklyn Bridge","4,5,6","POINT(584011.1284494954 4507286.414933407)"
"Canal St","6","POINT(584414.3752830802 4507981.764333538)"
"Canal St","A,C,E","POINT(583998.1817983227 4508362.503834924)"
"Canal St","J,M,Z","POINT(584465.1703750256 4507936.068373462)"
"Canal St","N,Q,R,W","POINT(584300.4493065587 4508088.955894568)"
"Canal St","1","POINT(583917.6087678829 4508436.419743836)"
"Cathedral Pky","1","POINT(587158.9977943802 4517531.30992596)"
"Chambers St","A,C","POINT(583788.936394161 4507583.897534726)"
"Chambers St","J,M,Z","POINT(584140.5517670959 4507379.792250548)"
"Chambers St","1,2,3","POINT(583682.4681481959 4507649.179579964)"
"Christopher St","1","POINT(584205.2406644473 4509664.2665469665)"
"City Hall","R,W","POINT(583870.8494695841 4507402.398587283)"
"Essex St","F,J,M,Z","POINT(585455.3800412201 4508004.377914882)"
"Dyckman St","A","POINT(590398.5820488513 4524380.3718244275)"
"Dyckman St","1","POINT(590625.979669456 4523936.7369371075)"
"East Broadway","F","POINT(585291.2507139703 4507525.829518954)"
"Franklin St","1","POINT(583873.0808596165 4508054.991173407)"
"Fulton St","4,5","POINT(583700.7094213167 4507132.750144304)"
"Fulton St","J,M,Z","POINT(583815.2183196547 4507062.380006513)"
"Fulton St","2,3","POINT(583929.3401193519 4506989.6138029685)"
"Grand Central","4,5,6","POINT(586351.9249086019 4511718.956208947)"
"Grand Central","7","POINT(586439.9208012195 4511668.379063283)"
"Grand Central","S","POINT(586291.8890907093 4511754.160542603)"
"Grand St","B,D","POINT(584982.427636957 4507957.547237275)"
"Houston St","1","POINT(583997.578415212 4509108.925082905)"
"Lexington Ave","N,R,W","POINT(587130.5405834558 4512941.986583056)"
"Broadway Jct","L","POINT(592687.1955062102 4503675.871254851)"
"Lexington Ave","F","POINT(587240.0342674754 4513149.17585825)"
"Lexington Ave","E,V","POINT(586857.7437421082 4512443.346063199)"
"Park Pl","2,3","POINT(583819.0838756685 4507318.437087814)"
"Prince St","N,R,W","POINT(584640.0297670547 4508631.039622933)"
"Rector St","R,W","POINT(583378.1956325959 4506784.234753328)"
"Roosevelt Island","F","POINT(588340.2232316983 4512557.853541745)"
"Spring St","C,E","POINT(584110.9649856851 4508764.733294029)"
"Spring St","6","POINT(584696.3146033001 4508413.075791954)"
"Times Sq","N,Q,R,S,W,7","POINT(585562.5989806924 4512142.482422512)"
"Union Sq","L,N,Q,R,W","POINT(585218.341281082 4509811.597287408)"
"W 4th St","A,C,E","POINT(584357.4354137853 4509456.742262071)"
"Wall St","4,5","POINT(583485.5667877333 4506786.036118457)"
"Wall St","2,3","POINT(583672.79257848 4506634.453582921)"
"Whitehall St","R,W","POINT(583393.7210710146 4506205.29314939)"
"103rd St","7","POINT(596007.5990844902 4511612.274832743)"
"104th St","A","POINT(598281.0909716443 4504106.446611034)"
"104th St","J,Z","POINT(597735.355662534 4505565.740227089)"
"111th St","A","POINT(598773.900953268 4504415.782361212)"
"111th St","J","POINT(598243.1426634331 4505763.123063047)"
"111th St","7","POINT(596587.7302071984 4511808.707173259)"
"121st St","J,Z","POINT(598935.2008452917 4506157.981090485)"
"Cortlandt St","1","POINT(583417.0865305619 4507127.515161693)"
"169th St","F","POINT(601952.6965195725 4507340.035322126)"
"179th St","F","POINT(602673.0301139336 4507551.329596813)"
"21st St","F","POINT(589275.5909511403 4511988.0692317365)"
"21st St","G","POINT(588763.4710197734 4510941.005401667)"
"23rd St","E,V","POINT(589062.3591774754 4511280.548531017)"
"30th Ave","N,W","POINT(591032.4011235549 4513440.026677555)"
"33rd St","7","POINT(590193.8012638002 4510958.491579905)"
"36th Ave","N,W","POINT(590340.9345281858 4512287.063707107)"
"36th St","G,R,V","POINT(590504.2399021076 4511788.1767326025)"
"39th Ave","N,W","POINT(590079.4344676089 4511853.40340317)"
"40th St","7","POINT(590821.1940613418 4510871.655646152)"
"45th Rd","7","POINT(589025.5898847169 4511122.23132895)"
"46th St","G,R,V","POINT(591652.2865125156 4512319.151062946)"
"46th St","7","POINT(591292.1848801761 4510806.901829578)"
"52nd St","7","POINT(591814.9023852558 4510926.22486271)"
"61st St","7","POINT(592581.2263878986 4511093.669605824)"
"63rd Dr","G,R,V","POINT(596070.5285994472 4509421.1749697765)"
"65th St","G,R,V","POINT(593068.1226422796 4511516.732574328)"
"67th Ave","G,R,V","POINT(596802.9533572209 4509079.824680317)"
"69th St","7","POINT(593177.3016483997 4511183.689421191)"
"71st Ave","E,F,G,R,V","POINT(597632.5898669554 4508479.0909239035)"
"74th St-Broadway","7","POINT(593588.4109370386 4511246.6879876545)"
"75th Ave","E,F","POINT(598165.618031348 4508174.155854527)"
"75th St","J,Z","POINT(595773.0978868263 4505120.233558718)"
"80th St","A","POINT(596525.9885362912 4503802.124294988)"
"82nd St","7","POINT(594221.3857636374 4511340.857704498)"
"85th St","J","POINT(596313.6606652862 4505239.17295736)"
"88th St","A","POINT(597128.9382753591 4503858.416494173)"
"90th St","7","POINT(594859.564991143 4511438.499795368)"
"Aqueduct","A","POINT(598610.7676973883 4502422.798563232)"
"Astoria Blvd","N,W","POINT(591304.466496576 4513790.811124608)"
"Beach 105th St","A,S","POINT(599325.8521763115 4493190.157561869)"
"Beach 25th St","A","POINT(604784.8633247989 4495075.953713851)"
"Beach 36th St","A","POINT(604200.2908643269 4494547.9425425725)"
"Beach 44th St","A","POINT(603629.9399884407 4494299.793432164)"
"Beach 60th St","A","POINT(602416.2392364632 4494208.485066108)"
"Beach 67th St","A","POINT(601880.8051682664 4494056.384646337)"
"Beach 90th St","A,S","POINT(600333.1000814735 4493671.167789414)"
"Beach 98th St","A,S","POINT(599847.664340968 4493411.321440332)"
"Broad Channel","A,S","POINT(600184.4852731377 4495915.430786842)"
"Broadway","N,W","POINT(590702.0409280716 4512889.608286194)"
"Court Sq","G","POINT(589156.1596038189 4511154.887789097)"
"Astoria-Ditmars Blvd","N,W","POINT(591921.3445074612 4514476.234223202)"
"Elmhurst Ave","G,R,V","POINT(594475.2136526726 4510703.082862609)"
"Far Rockaway","A","POINT(605412.4548804507 4495633.387758411)"
"Forest Ave","M","POINT(592761.6497324689 4506555.404073081)"
"Fresh Pond Rd","M","POINT(593201.7208917286 4506706.7967566205)"
"Grand Ave","G,R,V","POINT(594780.4226052103 4510169.779320533)"
"Howard Beach","A","POINT(598874.701160333 4501731.545039307)"
"Hunters Point Ave","7","POINT(588703.1348941434 4510660.518615219)"
"Jamaica Center","E,J,Z","POINT(601381.4879689526 4506421.752378972)"
"Van Wyck","E","POINT(599951.3905552255 4506398.969913829)"
"Junction Blvd","7","POINT(595443.8308516619 4511526.536828071)"
"Lefferts Blvd","A","POINT(599356.2506650956 4504591.099714536)"
"Main St","7","POINT(598744.8516151712 4512725.769103492)"
"Metropolitan Ave","M","POINT(593827.9433739928 4507412.990161799)"
"Northern Blvd","G,R,V","POINT(592274.8409075903 4511944.112014866)"
"Parsons Blvd","F","POINT(601132.0992819373 4507000.161977876)"
"Queens Plz","E,G,R,V","POINT(589708.8107319145 4511430.314885047)"
"Queensboro Plz","N,W,7","POINT(589469.8628061804 4511607.870592082)"
"Rockaway Blvd","A","POINT(597715.8913715188 4503930.829479155)"
"Rockaway Park","A,S","POINT(598388.6658936929 4492816.303302006)"
"Jackson Hts-Roosevelt Ave","E,F,G,R,V","POINT(593558.482170402 4511243.583124991)"
"Seneca Ave","M","POINT(592277.0013752108 4506340.950872234)"
"Steinway St","G,R,V","POINT(591254.5866476254 4512534.26605032)"
"Sutphin Blvd","E,J,Z","POINT(600726.7617505627 4506196.326998319)"
"Sutphin Blvd","F","POINT(600551.6146931923 4506774.53166316)"
"Union Tpke","E,F","POINT(598756.2657202726 4507687.46638724)"
"Van Wyck Blvd","E,F","POINT(599627.3910952854 4507142.499064514)"
"Vernon Blvd","7","POINT(588321.3047758318 4510718.31464215)"
"Willets Point Blvd","7","POINT(597647.7842571186 4512241.360380346)"
"Woodhaven Blvd","J,Z","POINT(596981.2928993693 4505384.984106003)"
"Woodhaven Blvd","G,R,V","POINT(595386.5044288298 4509787.577316276)"
"Annadale",NULL,"POINT(569627.1513811675 4488102.542875943)"
"Atlantic",NULL,"POINT(563901.9011614178 4485248.57905553)"
"Bay Terrace",NULL,"POINT(573076.2493753303 4489889.5027767075)"
"Clifton",NULL,"POINT(578510.0278799984 4497215.265884865)"
"Dongan Hills",NULL,"POINT(576516.9530629535 4493532.817169075)"
"Eltingville",NULL,"POINT(570709.569856889 4488527.676261015)"
"Grant City",NULL,"POINT(575414.3506880957 4492443.987901723)"
"Grasmere",NULL,"POINT(577509.8654144458 4495129.030466676)"
"Great Kills",NULL,"POINT(571897.100701665 4489324.4368720865)"
"Huguenot",NULL,"POINT(568404.2400352543 4487292.176854923)"
"Jefferson Av",NULL,"POINT(575944.8358072317 4492958.25288456)"
"Nassau",NULL,"POINT(564500.8510479712 4485537.7942329915)"
"New Dorp",NULL,"POINT(574771.0160558939 4491823.156741973)"
"Oakwood Heights",NULL,"POINT(573954.7238676874 4490822.554936856)"
"Old Town",NULL,"POINT(577181.2563288261 4494316.668611829)"
"Pleasant Plains",NULL,"POINT(566327.1555864002 4486093.2926728595)"
"Prince's Bay",NULL,"POINT(567726.140128473 4486393.595146677)"
"Richmond Valley",NULL,"POINT(565312.0938333038 4485737.116306762)"
"St George",NULL,"POINT(578274.717435436 4499580.403354093)"
"Stapleton",NULL,"POINT(578209.5638084355 4497841.438178152)"
"Tompkinsville",NULL,"POINT(578242.7914637083 4498898.942275504)"
"Tottenville",NULL,"POINT(563292.1172580556 4484900.921251608)"
"Coney Island","D,F,N,Q","POINT(586246.1306210454 4492162.722835187)"
"World Trade Center","E","POINT(583652.3638330435 4507337.316220281)"
"Times Sq","1,2,3","POINT(585513.1770191242 4512170.062189559)"
"JFK Terminal 1",NULL,"POINT(602356.9561669775 4499829.669655836)"
"JFK Terminal 2-3",NULL,"POINT(602526.112504933 4499699.646828213)"
"JFK Terminal 4",NULL,"POINT(602985.6731458901 4499897.286220534)"
"JFK Terminal 5-6",NULL,"POINT(603245.7503829238 4500232.851042057)"
"JFK Terminal 7",NULL,"POINT(602880.326628096 4500459.602709553)"
"JFK Terminal 8",NULL,"POINT(602433.3533596311 4500363.8128236225)"
"Federal Circle",NULL,"POINT(600903.1428474564 4501689.113908147)"
"Long Term Parking",NULL,"POINT(599552.1129832724 4502056.229470152)"
"Howard Beach",NULL,"POINT(598862.0205107569 4501868.071868393)"
"Jamaica",NULL,"POINT(600689.9370847167 4506179.234498333)"
